﻿Designator,Quantity,Value,Footprint,Package,MPN,DNP,Mount_Type,Description
"J1, J2, J3, J4",4,Conn_01x01_Socket,MountingHole_4.3mm_M4_Pad_Via,,,,tht,"Generic connector, single row, 01x01, script generated"
"Pin2, Pin3, Pin6, Pin7",4,Conn_01x01_Socket,MountingHole_4.3mm_M4_Pad,,,,tht,"Generic connector, single row, 01x01, script generated"
Pin4,1,Conn_01x01_Socket,MountingHole_3.5mm_Pad,,,,tht,"Generic connector, single row, 01x01, script generated"
"R1, R2",2,R,R_Axial_DIN0207_L6.3mm_D2.5mm_P15.24mm_Horizontal,,,,tht,Resistor
U1,1,LM741,DIP-8_W7.62mm_LongPads-cape,,,,tht,"Operational Amplifier, DIP-8/TO-99-8"
